"Category","doi","Article","Journal","Google citations","Author","Length","CitationCount","Issue","Received","Accepted","Statistics","Formulas","Visuals","Networks","Simulation","CSS","SS","Natural","CS","nu.authors","Class","issue.year","issue.month","issue.day","received.year","received.month","received.day","accepted.year","accepted.month","accepted.day","time.to.acceptance","time.to.publish","time.to.publish.from.acceptance"
"Population Genetics","10.1038/s41586-018-0094-2","137 ancient human genomes from across the Eurasian steppes","NATURE",42,"Damgaard, Peter de Barros; Marchi, Nina; Rasmussen, Simon; Peyrot, Michael; Renaud, Gabriel; Korneliussen, Thorfinn; Moreno-Mayar, J. Victor; Pedersen, Mikkel Winther; Goldberg, Amy; Usmanova, Emma; Baimukhanov, Nurbol; Loman, Valeriy; Hedeager, Lotte; Pedersen, Anders Gorm; Nielsen, Kasper; Afanasievl, Gennady; Akmatov, Kunbolot; Aldashev, Almaz; Alpaslan, Ashyk; Baimbetov, Gabit; Bazaliiskii, Vladimir I.; Beisenov, Arman; Boldbaatar, Bazartseren; Boldgiv, Bazartseren; Dorzhu, Choduraa; Ellingvag, Sturla; Erdenebaatar, Diimaajav; Dajani, Rana; Dmitriev, Evgeniy; Evdokimov, Valeriy; Frei, Karin M.; Gromov, Andrey; Goryachev, Alexander; Hakonarson, Hakon; Hegay, Tatyana; Khachatryan, Zaruhi; Khaskhanov, Ruslan; Kitov', Egor; Kolbina, Alina; Kubatbek, Tabaldiev; Kukushkin, Alexey; Kukushkin, Igor; Lau, Nina; Margaryan, Ashot; Merkyte, Inga; Mertz, Ilya V.; Mertz, Viktor K.; Mijiddorj, Enkhbayar; Moiyesev, Vyacheslav; Mukhtarova, Gulmira; Nurmukhanbetov, Bekmukhanbet; Orozbekova, Z.; Panyushkina, Irina; Pieta, Karol; Smrcka, Vaclav; Shevnina, Irina; Logvin, Andrey; Sjogren, Karl-Goran; Stolcova, Tereza; Tashbaeva, Kadic Ha; Tkachev, Alexander; Tulegenov, Turaly; Voyakin, Dmitriy; Yepiskoposyan, Levon; Undrakhbold, Sainbileg; Varfolomeev, Victor; Weber, Andrzej; Kradin, Nikolay; Allentoft, Morten E.; Orlando, Ludovic; Nielsen, Rasmus; Sikora, Martin; Heyer, Evelyne; Kristiansen, Kristian; Willerslev, Eske",6,40,2018-05-17,2017-04-18,2018-04-03,TRUE,FALSE,TRUE,FALSE,FALSE,FALSE,TRUE,FALSE,FALSE,75,"SS",2018,5,17,2017,4,18,2018,4,3,350,394,44
"Archaeology","10.1038/nature22065","A 130,000-year-old archaeological site in southern California, USA","NATURE",64,"Holen, Steven R.; Demere, Thomas A.; Fisher, Daniel C.; Fullagar, Richard; Paces, James B.; Jefferson, George T.; Beeton, Jared M.; Cerutti, Richard A.; Rountrey, Adam N.; Vescera, Lawrence; Holen, Kathleen A.",5,50,2017-04-27,2016-03-17,2017-03-13,FALSE,FALSE,TRUE,FALSE,FALSE,FALSE,TRUE,FALSE,FALSE,11,"SS",2017,4,27,2016,3,17,2017,3,13,361,406,45
"Computer Science/AI","10.1126/science.aam9868","A Neural algorithm for a fundamental computing problem","SCIENCE",46,"Dasgupta, Sanjoy; Stevens, Charles F.; Navlakha, Saket",4,49,2017-11-10,2017-02-14,2017-09-25,TRUE,TRUE,TRUE,FALSE,FALSE,FALSE,FALSE,FALSE,TRUE,3,"CS",2017,11,10,2017,2,14,2017,9,25,223,269,46
"Human Behavior","10.1038/nature21054","A solution to the single-question crowd wisdom problem","NATURE",75,"Prelec, Drazen; Seung, H. Sebastian; Mccoy, John",4,27,2017-01-26,2016-09-04,2016-12-09,TRUE,TRUE,TRUE,FALSE,FALSE,TRUE,FALSE,FALSE,FALSE,3,"CSS",2017,1,26,2016,9,4,2016,12,9,96,144,48
"Applied Mathematics","10.1038/s41586-018-0095-1","Addressing the minimum fleet problem in on-demand urban mobility","NATURE",24,"Vazifeh, M. M.; Santi, P.; Resta, G.; Strogatz, S. H.; Ratti, C.",5,20,2018-05-24,2017-07-19,2018-02-21,TRUE,TRUE,TRUE,TRUE,TRUE,TRUE,FALSE,FALSE,FALSE,5,"CSS",2018,5,24,2017,7,19,2018,2,21,217,309,92
"Anthropology","10.1038/nature23452","An Early modern human presence in sumatra 73000-63000 years ago","NATURE",64,"Westaway, K. E.; Louys, J.; Awe, R. Due; Morwood, M. J.; Price, G. J.; Zhao, J. -X.; Aubert, M.; Joannes-Boyau, R.; Smith, T. M.; Skinner, M. M.; Compton, T.; Bailey, R. M.; van den Bergh, G. D.; de Vos, J.; Pike, A. W. G. .; Stringer, C.; Saptomo, E. W.; Rizal, Y.; Zaim, J.; Santoso, W. D.; Trihascaryo, A.; Kinsley, L.; Sulistyanto, B.",6,73,2017-08-17,2017-03-30,2017-06-29,TRUE,FALSE,TRUE,FALSE,FALSE,FALSE,TRUE,FALSE,FALSE,23,"SS",2017,8,17,2017,3,30,2017,6,29,91,140,49
"Social Anthropology","10.1038/s41586-018-0097-z","Ancient hepatitis B viruses from the Bronze Age to the Medieval period","NATURE",26,"Muhlemann, Barbara; Jones, Terry C.; Damgaard, Peter de Barros; Allentoft, Morten E.; Shevnina, Irina; Logvin, Andrey; Usmanova, Emma; Panyushkina, Irina P.; Boldgiv, Bazartseren; Bazartseren, Tsevel; Tashbaeva, Kadicha; Merz, Victor; Lau, Nina; Smrcka, Vaclav; Voyakin, Dmitry; Kitov, Egor; Epimakhov, Andrey; Pokutta, Dalia; Vicze, Magdolna; Price, T. Douglas; Moiseyev, Vyacheslav; Hansen, Anders J.; Orlando, Ludovic; Rasmussen, Simon; Sikora, Martin; Vinner, Lasse; Osterhaus, Albert D. M. E.; Smith, Derek J.; Glebe, Dieter; Fouchier, Ron A. M.; Drosten, Christian; Sjogren, Karl-Goran; Kristiansen, Kristian; Willerslev, Eske",6,70,2018-05-17,2017-04-14,2018-04-06,TRUE,FALSE,TRUE,FALSE,FALSE,FALSE,TRUE,FALSE,FALSE,34,"SS",2018,5,17,2017,4,14,2018,4,6,357,398,41
"Economics","10.1126/science.aao0432","Asylum applications respond to temperature fluctuations","SCIENCE",51,"Missirian, Anouch; Schlenker, Wolfram",5,43,2017-12-22,2017-06-07,2017-11-15,TRUE,FALSE,TRUE,FALSE,FALSE,TRUE,FALSE,FALSE,FALSE,2,"CSS",2017,12,22,2017,6,7,2017,11,15,161,198,37
"Economics","10.1126/science.aan0568","Cash for carbon: A randomized trial of payments for ecosystem services to reduce deforestation","SCIENCE",91,"Jayachandran, Seema; De laat, Joost; Lambin, Eric F.; Stanton, Charlotte Y.; Audy, Robin; Thomas, Nancy E.",7,59,2017-07-21,2017-02-26,2017-06-21,TRUE,TRUE,TRUE,FALSE,FALSE,TRUE,FALSE,FALSE,FALSE,6,"CSS",2017,7,21,2017,2,26,2017,6,21,115,145,30
"Sociology","10.1038/nature20100","Changing cultural attitudes towards female genital cutting","NATURE",27,"Vogt, Sonja; Zaid, Nadia Ahmed Mohmmed; Ahmed, Hilal El Fadil; Fehr, Ernst; Efferson, Charles",4,29,2016-10-27,2015-12-04,2016-09-16,TRUE,FALSE,TRUE,FALSE,FALSE,TRUE,FALSE,FALSE,FALSE,5,"CSS",2016,10,27,2015,12,4,2016,9,16,287,328,41
"Public Health","10.1126/science.aau1184","Changing dynamics of the drug overdose epidemic in the United States from 1979 through 2016","SCIENCE",28,"Jalal, Hawre; Buchanich, Jeanine M.; Roberts, Mark S.; Balmert, Lauren C.; Zhang, Kun; Burke, Donald S.",4,49,2018-09-21,2018-06-25,2018-07-21,TRUE,FALSE,TRUE,FALSE,FALSE,TRUE,FALSE,FALSE,FALSE,6,"CSS",2018,9,21,2018,6,25,2018,7,21,26,88,62
"Economics","10.1126/science.aan2747","Citywide effects of high-occupancy vehicle restrictions: Evidence from “three-in-one” in Jakarta","SCIENCE",22,"Hanna, Rema; Kreindler, Gabriel; Olken, Benjamin A.",5,36,2017-07-07,2017-03-21,2017-05-25,TRUE,FALSE,TRUE,FALSE,FALSE,TRUE,FALSE,FALSE,FALSE,3,"CSS",2017,7,7,2017,3,21,2017,5,25,65,108,43
"Psychology","10.1126/science.aal4724","Cognitive science in the field: A preschool intervention durably enhances intuitive but not formal mathematics","SCIENCE",11,"Dillon, Moira R.; Kannan, Harini; Dean, Joshua T.; Spelke, Elizabeth S.; Duflo, Esther",9,92,2017-07-07,2016-12-03,2017-05-30,TRUE,FALSE,TRUE,FALSE,FALSE,TRUE,FALSE,FALSE,FALSE,5,"CSS",2017,7,7,2016,12,3,2017,5,30,178,216,38
"Crowd Dynamics","10.1126/science.aat9891","Dynamic response and hydrodynamics
of polarized crowds","SCIENCE",3,"Bain, Nicolas; Bartolo, Denis",4,39,2019-01-04,2018-06-25,2018-11-09,TRUE,TRUE,TRUE,FALSE,TRUE,TRUE,FALSE,FALSE,FALSE,2,"CSS",2019,1,4,2018,6,25,2018,11,9,137,193,56
"Anthropology","10.1038/nature25444","Early Middle Palaeolithic culture in India around 385–172 ka reframes Out of Africa models","NATURE",16,"Akhilesh, Kumar; Pappu, Shanti; Rajapara, Haresh M.; Gunnell, Yanni; Shukla, Anil D.; Singhvi, Ashok K.",5,31,2018-02-01,2017-06-15,2017-12-09,TRUE,FALSE,TRUE,FALSE,FALSE,FALSE,TRUE,FALSE,FALSE,6,"SS",2018,2,1,2017,6,15,2017,12,9,177,231,54
"Ecological Networks","10.1126/science.aal4122","Effects of network modularity on the spread of perturbation impact in experimental metapopulations","SCIENCE",48,"Gilarranz, Luis J.; Rayfield, Bronwyn; Linan-Cembrano, Gustavo; Bascompte, Jordi; Gonzalez, Andrew",3,32,2017-07-14,2016-11-15,2017-06-16,TRUE,FALSE,TRUE,TRUE,TRUE,TRUE,FALSE,FALSE,FALSE,5,"CSS",2017,7,14,2016,11,15,2017,6,16,213,241,28
"Epidimiology","10.1038/nature22401","Establishment and cryptic transmission of Zika virus in Brazil and the America","NATURE",196,"Faria, N. R.; Quick, J.; Claro, I. M.; Theze, J.; de Jesus, J. G.; Giovanetti, M.; Kraemer, M. U. G.; Hill, S. C.; Black, A.; da Costa, A. C.; Franco, L. C.; Silva, S. P.; Wu, C. -H.; Raghwani, J.; Cauchemez, S.; du Plessis, L.; Verotti, M. P.; de Oliveira, W. K.; Carmo, E. H.; Coelho, G. E.; Santelli, A. C. F. S.; Vinhal, L. C.; Henriques, C. M.; Simpson, J. T.; Loose, M.; Andersen, K. G.; Grubaugh, N. D.; Somasekar, S.; Chiu, C. Y.; Munoz-Medina, J. E.; Gonzalez-Bonilla, C. R.; Arias, C. F.; Lewis-Ximenez, L. L.; Baylis, S. A.; Chieppe, A. O.; Aguiar, S. F.; Fernandes, C. A.; Lemos, P. S.; Nascimento, B. L. S.; Monteiro, H. A. O.; Siqueira, I. C.; de Queiroz, M. G.; de Souza, T. R.; Bezerra, J. F.; Lemos, M. R.; Pereira, G. F.; Loudal, D.; Moura, L. C.; Dhalia, R.; Franca, R. F.; Magalhaes, T.; Marques, E. T., Jr.; Jaenisch, T.; Wallau, G. L.; de Lima, M. C.; Nascimento, V.; de Cerqueira, E. M.; de Lima, M. M.; Mascarenhas, D. L.; Moura Neto, J. P.; Levin, A. S.; Tozetto-Mendoza, T. R.; Fonseca, S. N.; Mendes-Correa, M. C.; Milagres, F. P.; Segurado, A.; Holmes, E. C.; Rambaut, A.; Bedford, T.; Nunes, M. R. T.; Sabino, E. C.; Alcantara, L. C. J.; Loman, N. J.; Pybus, O. G.",5,64,2017-06-15,2017-02-08,2017-05-02,TRUE,FALSE,TRUE,FALSE,FALSE,FALSE,TRUE,FALSE,FALSE,74,"SS",2017,6,15,2017,2,8,2017,5,2,83,127,44
"Economics","10.1126/science.aal4369","Estimating economic damage from climate change in the United States","SCIENCE",179,"Hsiang, Solomon; Kopp, Robert; Jina, Amir; Rising, James; Delgado, Michael; Mohan, Shashank; Rasmussen, D. J.; Muir-Wood, Robert; Wilson, Paul; Oppenheimer, Michael; Larsen, Kate; Houser, Trevor",7,53,2017-06-30,2016-11-21,2017-06-02,TRUE,FALSE,TRUE,FALSE,TRUE,TRUE,FALSE,FALSE,FALSE,12,"CSS",2017,6,30,2016,11,21,2017,6,2,193,221,28
"Ageing","10.1038/nature19793","Evidence for a limit to human lifespan","NATURE",188,"Dong, Xiao; Milholland, Brandon; Vijg, Jan",3,16,2016-10-13,2016-05-29,2016-08-25,TRUE,FALSE,TRUE,FALSE,FALSE,TRUE,FALSE,FALSE,FALSE,3,"CSS",2016,10,13,2016,5,29,2016,8,25,88,137,49
"Evolutionary Theory","10.1038/s41586-018-0277-x","Evolution of cooperation in stochastic games","NATURE",8,"Hilbe, Christian; Simsa, Stepan; Chatterjee, Krishnendu; Nowak, Martin A.",4,40,2018-07-04,2017-11-01,2018-05-17,FALSE,TRUE,TRUE,FALSE,TRUE,TRUE,FALSE,FALSE,FALSE,4,"CSS",2018,7,4,2017,11,1,2018,5,17,197,245,48
"Social Science","10.1126/science.aas8827","Experimental evidence for tipping points in social convention","SCIENCE",27,"Centola, Damon; Becker, Joshua; Brackbill, Devon; Baronchelli, Andrea",4,37,2018-06-08,2018-01-03,2018-04-20,TRUE,TRUE,TRUE,TRUE,TRUE,TRUE,FALSE,FALSE,FALSE,4,"CSS",2018,6,8,2018,1,3,2018,4,20,107,156,49
"Health Economics","10.1126/science.aan8179","Firearms and accidental deaths: Evidence from the aftermath of the Sandy Hook school shooting","SCIENCE",8,"Levine, Phillip B.; McKnight, Robin",5,20,2017-08-12,2017-05-23,2017-10-20,TRUE,TRUE,TRUE,FALSE,FALSE,TRUE,FALSE,FALSE,FALSE,2,"CSS",2017,8,12,2017,5,23,2017,10,20,150,81,-69
"Psychology","10.1126/science.aah6524","Gender stereotypes about intellectual ability emerge early and influence children’s interests","SCIENCE",217,"Bian, Lin; Leslie, Sarah-Jane; Cimpian, Andrei",3,33,2017-01-27,2016-07-30,2016-12-09,TRUE,FALSE,TRUE,FALSE,FALSE,TRUE,FALSE,FALSE,FALSE,3,"CSS",2017,1,27,2016,7,30,2016,12,9,132,181,49
"Archaeology","10.1038/nature23310","Genetic origins of the Minoans and Mycenaeans","NATURE",46,"Lazaridis, Iosif; Mittnik, Alissa; Patterson, Nick; Mallick, Swapan; Rohland, Nadin; Pfrengle, Saskia; Furtweangler, Anja; Peltzer, Alexander; Posth, Cosimo; Vasilakis, Andonis; McGeorge, P. J. P.; Konsolaki-Yannopoulou, Eleni; Korres, George; Martlew, Holley; Michalodimitrakis, Manolis; Ozsait, Mehmet; Ozsait, Nesrin; Papathanasiou, Anastasia; Richards, Michael; Roodenberg, Songul Alpaslan; Tzedakis, Yannis; Arnott, Robert; Fernandes, Daniel M.; Hughey, Jeffery R.; Lotakis, Dimitra M.; Navas, Patrick A.; Maniatis, Yannis; Tamatoyannopoulos, John A. S.; Stewardson, Kristin; Stockhammer, Philipp; Pinhasi, Ron; Reich, David; Krause, Johannes; Stamatoyannopoulos, George",5,31,2017-08-10,2016-12-21,2017-06-25,TRUE,FALSE,TRUE,FALSE,FALSE,TRUE,FALSE,FALSE,FALSE,34,"CSS",2017,8,10,2016,12,21,2017,6,25,186,232,46
"Epidimiology","10.1038/nature22400","Genomic epidemiology reveals multiple introductions of Zika virus into the United States","NATURE",122,"Grubaugh, Nathan D.; Ladner, Jason T.; Kraemer, Moritz U. G.; Dudas, Gytis; Tan, Amanda L.; Gangavarapu, Karthik; Wiley, Michael R.; White, Stephen; Theze, Julien; Magnani, Diogo M.; Prieto, Karla; Reyes, Daniel; Bingham, Andrea M.; Paul, Lauren M.; Robles-Sikisaka, Refugio; Oliveira, Glenn; Pronty, Darryl; Barcellona, Carolyn M.; Metsky, Hayden C.; Baniecki, Mary Lynn; Barnes, Kayla G.; Chak, Bridget; Freije, Catherine A.; Gladden-Young, Adrianne; Gnirke, Andreas; Luo, Cynthia; MacInnis, Bronwyn; Matranga, Christian B.; Park, Daniel J.; Qu, James; Schaffner, Stephen F.; Tomkins-Tinch, Christopher; West, Kendra L.; Winnicki, Sarah M.; Wohl, Shirlee; Yozwiak, Nathan L.; Quick, Joshua; Fauver, Joseph R.; Khan, Kamran; Brent, Shannon E.; Reiner, Robert C., Jr.; Lichtenberger, Paola N.; Ricciardi, Michael J.; Bailey, Varian K.; Watkins, David I.; Cone, Marshall R.; Kopp, Edgar W.; Hogan, Kelly N.; Cannons, Andrew C.; Jean, Reynald; Monaghan, Andrew J.; Garry, Robert F.; Loman, Nicholas J.; Faria, Nuno R.; Porcelli, Mario C.; Vasquez, Chalmers; Agle, Elyse R. N.; Cummings, Derek A. T.; Stanek, Danielle; Rambaut, Andrew; Sanchez-Lockhart, Mariano; Sabeti, Pardis C.; Gillis, Leah D.; Michael, Scott F.; Bedford, Trevor; Pybus, Oliver G.; Isern, Sharon; Palacios, Gustavo; Andersen, Kristian G.",5,79,2017-06-15,2017-02-01,2017-04-28,TRUE,FALSE,TRUE,FALSE,FALSE,FALSE,TRUE,FALSE,FALSE,69,"SS",2017,6,15,2017,2,1,2017,4,28,86,134,48
"Anthropology","10.1038/nature19310","Genomic insights into the origin of farming in the ancient Near East","NATURE",265,"Lazaridis, Iosif; Nadel, Dani; Rollefson, Gary; Merrett, Deborah C.; Rohland, Nadin; Mallick, Swapan; Fernandes, Daniel; Novak, Mario; Gamarra, Beatriz; Sirak, Kendra; Connell, Sarah; Stewardson, Kristin; Harney, Eadaoin; Fu, Qiaomei; Gonzalez-Fortes, Gloria; Jones, Eppie R.; Roodenberg, Songul Alpaslan; Lengyel, Gyorgy; Bocquentin, Fanny; Gasparian, Boris; Monge, Janet M.; Gregg, Michael; Eshed, Vered; Mizrahi, Ahuva-Sivan; Meiklejohn, Christopher; Gerritsen, Fokke; Bejenaru, Luminita; Blueher, Matthias; Campbell, Archie; Cavalleri, Gianpiero; Comas, David; Froguel, Philippe; Gilbert, Edmund; Kerr, Shona M.; Kovacs, Peter; Krause, Johannes; McGettigan, Darren; Merrigan, Michael; Merriwether, D. Andrew; O'Reilly, Seamus; Richards, Martin B.; Semino, Ornella; Shamoon-Pour, Michel; Stefanescu, Gheorghe; Stumvoll, Michael; Toenjes, Anke; Torroni, Antonio; Wilson, James F.; Yengo, Loic; Hovhannisyan, Nelli A.; Patterson, Nick; Pinhasi, Ron; Reich, David",6,35,2016-08-25,2016-03-08,2016-07-18,TRUE,FALSE,TRUE,FALSE,FALSE,FALSE,FALSE,TRUE,FALSE,53,"Natural",2016,8,25,2016,3,8,2016,7,18,132,170,38
"Archaeology","10.1038/nature24646","Greater post-Neolithic wealth disparities in Eurasia than in North America and Mesoamerica","NATURE",30,"Kohler, Timothy A.; Smith, Michael E.; Ogaard, Amy B.; Feinman, Gary M.; Peterson, Christian E.; Betzenhauser, Alleen; Pailes, Matthew; Stone, Elizabeth C.; Prentiss, Anna Marie; Dennehy, Timothy J.; Ellyson, Laura J.; Nicholas, Linda M.; Faulseit, Ronald K.; Styring, Amy; Whitlam, Jade; Fochesato, Mattia; Foor, Thomas A.; Bowles, Samuel",4,20,2017-11-30,2017-09-08,2017-10-20,TRUE,FALSE,TRUE,FALSE,FALSE,TRUE,FALSE,FALSE,FALSE,18,"CSS",2017,11,30,2017,9,8,2017,10,20,42,83,41
"Complex Networks","10.1038/s41586-018-0315-8","Hot streaks in artistic, cultural, and scientific careers","NATURE",13,"Liu, Lu; Wang, Yang; Sinatra, Roberta; Giles, C. Lee; Song, Chaoming; Wang, Dashun",4,30,2018-07-19,2017-10-20,2018-06-04,TRUE,TRUE,TRUE,FALSE,TRUE,TRUE,FALSE,FALSE,FALSE,6,"CSS",2018,7,19,2017,10,20,2018,6,4,227,272,45
"Political Science","10.1126/science.aao1100","How the news media activate public expression and influence national agendas","SCIENCE",50,"King, Gary; Schneer, Benjamin; White, Ariel",5,77,2017-11-10,2017-06-14,2017-10-11,TRUE,FALSE,TRUE,FALSE,FALSE,TRUE,FALSE,FALSE,FALSE,3,"CSS",2017,11,10,2017,6,14,2017,10,11,119,149,30
"Archaeology","10.1038/nature22968","Human occupation of northern Australia by 65,000 years ago","NATURE",205,"Clarkson, Chris; Jacobs, Zenobia; Marwick, Ben; Fullagar, Richard; Wallis, Lynley; Smith, Mike; Roberts, Richard G.; Hayes, Elspeth; Lowe, Kelsey; Carah, Xavier; Florin, S. Anna; McNeil, Jessica; Cox, Delyth; Arnold, Lee J.; Hua, Quan; Huntley, Jillian; Brand, Helen E. A.; Manne, Tiina; Fairbairn, Andrew; Shulmeister, James; Lyle, Lindsey; Salinas, Makiah; Page, Mara; Connell, Kate; Park, Gayoung; Norman, Kasih; Murphy, Tessa; Pardoe, Colin",5,67,2017-07-20,2016-11-30,2017-05-19,TRUE,FALSE,TRUE,FALSE,FALSE,FALSE,TRUE,FALSE,FALSE,28,"SS",2017,7,20,2016,11,30,2017,5,19,170,232,62
"Anthropology","10.1126/science.aav3218","Human sound systems are shaped by post-Neolithic changes in bite configuration","SCIENCE",1,"Blasi, D. E.; Moran, S.; Moisik, S. R.; Widmer, P.; Dediu, D.; Bickel, B.",6,143,2019-03-15,2018-09-26,2019-02-06,TRUE,FALSE,TRUE,FALSE,FALSE,FALSE,TRUE,FALSE,FALSE,6,"SS",2019,3,15,2018,9,26,2019,2,6,133,170,37
"Genetic Privacy","10.1126/science.aau4832","Identity inference of genomic data using long-range familial searches","SCIENCE",25,"Erlich, Yaniv; Shor, Tal; Pe'er, Itsik; Carmi, Shai",4,44,2018-11-09,2018-06-14,2018-10-01,TRUE,FALSE,TRUE,TRUE,FALSE,FALSE,TRUE,FALSE,FALSE,4,"SS",2018,11,9,2018,6,14,2018,10,1,109,148,39
"Epidimiology","10.1126/science.aav6618","Impact of preexisting dengue immunity on Zika virus emergence in a dengue endemic region","SCIENCE",9,"Rodriguez-Barraquer, Isabel; Costa, Federico; Nascimento, Eduardo J. M.; Nery Junior, Nivison; Castanha, Priscila M. S.; Sacramento, Gielson Almeida; Cruz, Jaqueline; Carvalho, Mayara; De Olivera, Daiana; Hagan, Jose E.; Adhikarla, Haritha; Wunder, Elsio A., Jr.; Coelho, Danilo F.; Azar, Sasha R.; Rossi, Shannan L.; Vasilakis, Nikos; Weaver, Scott C.; Ribeiro, Guilherme S.; Balmaseda, Angel; Harris, Eva; Nogueira, Mauricio L.; Reis, Mitermayer G.; Marques, Ernesto T. A.; Cummings, Derek A. T.; Ko, Albert I.",4,45,2019-02-08,2018-08-11,2019-01-15,TRUE,FALSE,TRUE,FALSE,FALSE,TRUE,FALSE,FALSE,FALSE,25,"CSS",2019,2,8,2018,8,11,2019,1,15,157,181,24
"Social Science","10.1126/science.aao4408","Improving refugee integration through data-driven algorithmic assignment","SCIENCE",35,"Bansak, Kirk; Ferwerda, Jeremy; Hainmueller, Jens; Dillon, Andrea; Hangartner, Dominik; Lawrence, Duncan; Weinstein, Jeremy",5,37,2018-01-19,2017-07-24,2017-12-31,TRUE,TRUE,TRUE,FALSE,FALSE,TRUE,FALSE,FALSE,FALSE,7,"CSS",2018,1,19,2017,7,24,2017,12,31,160,179,19
"Cognitive Development","10.1126/science.aan2317","Infants make more attempts to achieve a goal when they see adults persist","SCIENCE",13,"Leonard, Julia A.; Lee, Yuna; Schulz, Laura E.",5,32,2017-09-22,2017-03-15,2017-08-23,TRUE,FALSE,TRUE,FALSE,FALSE,TRUE,FALSE,FALSE,FALSE,3,"CSS",2017,9,22,2017,3,15,2017,8,23,161,191,30
"Anthropology","10.1038/s41586-018-0127-x","Inference of ecological and social drivers of human brain-size evolution","NATURE",21,"Gonzalez-Forero, Mauricio; Gardner, Andy",4,30,2018-05-24,2017-12-06,2018-03-26,TRUE,FALSE,TRUE,FALSE,FALSE,TRUE,FALSE,FALSE,FALSE,2,"CSS",2018,5,24,2017,12,6,2018,3,26,110,169,59
"Economics","10.1038/s41586-018-0071-9","Large potential reduction in economic damages under UN mitigation targets","NATURE",38,"Burke, Marshall; Davis, W. Matthew; Diffenbaugh, Noah S.",5,25,2018-05-24,2017-08-02,2018-02-28,TRUE,FALSE,TRUE,FALSE,FALSE,TRUE,FALSE,FALSE,FALSE,3,"CSS",2018,5,24,2017,8,2,2018,2,28,210,295,85
"Epidemiology","10.1038/nature23018","Large-scale physical activity data reveal worldwide activity inequality","NATURE",170,"Althoff, Tim; Sosic, Rok; Hicks, Jennifer L.; King, Abby C.; Delp, Scott L.; Leskovec, Jure",4,29,2017-07-20,2017-03-01,2017-06-06,TRUE,FALSE,TRUE,FALSE,FALSE,TRUE,FALSE,FALSE,FALSE,6,"CSS",2017,7,20,2017,3,1,2017,6,6,97,141,44
"Human Migration","10.1038/nature19365","Late Pleistocene climate drivers of early human migration","NATURE",91,"Timmermann, Axel; Friedrich, Tobias",4,95,2016-09-21,2016-01-07,2016-08-12,TRUE,TRUE,TRUE,FALSE,TRUE,TRUE,FALSE,FALSE,FALSE,2,"CSS",2016,9,21,2016,1,7,2016,8,12,218,258,40
"Social Evolution","10.1038/nature22332","Locally noisy autonomous agents improve global human coordination in network experiments","NATURE",43,"Shirado, Hirokazu; Christakis, Nicholas A.",5,30,2017-05-18,2016-12-29,2017-04-05,TRUE,FALSE,TRUE,TRUE,TRUE,TRUE,FALSE,FALSE,FALSE,2,"CSS",2017,5,18,2016,12,29,2017,4,5,97,140,43
"Group Dynamics","10.1126/science.aag2624","Network science on belief system dynamics under logic constraints","SCIENCE",103,"Friedkin, Noah E.; Proskurnikov, Anton V.; Tempo, Roberto; Parsegov, Sergey E.",6,26,2016-10-21,2016-05-31,2016-09-07,TRUE,TRUE,TRUE,TRUE,TRUE,TRUE,FALSE,FALSE,FALSE,4,"CSS",2016,10,21,2016,5,31,2016,9,7,99,143,44
"Anthropology","10.1126/science.aao4903","New Genus of Extinct Holocene gibbon associated with bhumans in Imperial China","SCIENCE",2,"Turvey, Samuel T.; Bruun, Kristoffer; Ortiz, Alejandra; Hansford, James; Hu, Songmei; Ding, Yan; Zhang, Tianen; Chatterjee, Helen J.",4,44,2018-06-22,2017-07-26,2018-05-03,TRUE,FALSE,TRUE,FALSE,FALSE,FALSE,TRUE,FALSE,FALSE,8,"SS",2018,6,22,2017,7,26,2018,5,3,281,331,50
"Archaeology","10.1038/nature21696","Nomadic Ecology shaped the highland geography of Asia's Silk Roads","NATURE",39,"Frachetti, Michael D.; Smith, C. Evan; Traub, Cynthia M.; Williams, Tim",5,46,2017-03-09,2016-09-12,2017-02-09,TRUE,FALSE,TRUE,TRUE,TRUE,TRUE,FALSE,FALSE,FALSE,4,"CSS",2017,3,9,2016,9,12,2017,2,9,150,178,28
"Cognitive Science","10.1126/science.aao3539","Precursors of logical reasoning in preverbal human infants","SCIENCE",14,"Cesana-Arlotti, Nicolo; Martin, Ana; Teglas, Erno; Vorobyova, Liza; Cetnarski, Ryszard; Bonatti, Luca L.",4,29,2018-03-16,2017-08-03,2017-12-26,TRUE,FALSE,TRUE,FALSE,FALSE,TRUE,FALSE,FALSE,FALSE,6,"CSS",2018,3,16,2017,8,3,2017,12,26,145,225,80
"Health Care","10.1126/science.aar5045","Predictive modeling of U.S. health care spending in late life","SCIENCE",14,"Einav, Liran; Finkelstein, Amy; Mullainathan, Sendhil; Obermeyer, Ziad",3,39,2018-06-29,2017-11-15,2018-04-30,TRUE,FALSE,TRUE,FALSE,FALSE,TRUE,FALSE,FALSE,FALSE,4,"CSS",2018,6,29,2017,11,15,2018,4,30,166,226,60
"Psychology","10.1126/science.aap8731","Prevalence-induced concept change in human judgment","SCIENCE",15,"Levari, David E.; Gilbert, Daniel T.; Wilson, Timothy D.; Sievers, Beau; Amodio, David M.; Wheatley, Thalia",3,31,2018-06-29,2017-09-05,2018-04-30,TRUE,FALSE,TRUE,FALSE,FALSE,TRUE,FALSE,FALSE,FALSE,6,"CSS",2018,6,29,2017,9,5,2018,4,30,237,297,60
"Epidimiology","10.1038/nature22812","Principles of early human development and germ cell program from conserved model systems","NATURE",57,"Kobayashi, Toshihiro; Zhang, Haixin; Tang, Walfred W. C.; Irie, Naoko; Withey, Sarah; Klisch, Doris; Sybirna, Anastasiya; Dietmann, Sabine; Contreras, David A.; Webb, Robert; Allegrucci, Cinzia; Alberio, Ramiro; Surani, M. Azim",5,39,2017-06-15,2016-10-17,2017-05-03,TRUE,FALSE,TRUE,FALSE,TRUE,FALSE,TRUE,FALSE,FALSE,13,"SS",2017,6,15,2016,10,17,2017,5,3,198,241,43
"Social Science","10.1126/science.aan5893","Protecting unauthorized immigrant mothers improves their children’s mental health","SCIENCE",29,"Hainmueller, Jens; Lawrence, Duncan; Marten, Linna; Black, Bernard; Figueroa, Lucila; Hotard, Michael; Jimenez, Tomas R.; Mendoza, Fernando; Rodriguez, Maria I.; Swartz, Jonas J.; Laitin, David D.",4,44,2017-09-08,2017-05-05,2017-08-01,TRUE,FALSE,TRUE,FALSE,FALSE,TRUE,FALSE,FALSE,FALSE,11,"CSS",2017,9,8,2017,5,5,2017,8,1,88,126,38
"Network Science","10.1126/science.aau7224","Quantifying reputation and success in art","SCIENCE",4,"Fraiberger, Samuel P.; Sinatra, Roberta; Resch, Magnus; Riedl, Christoph; Barabasi, Albert-Laszlo",5,23,2018-11-16,2018-02-13,2018-09-27,TRUE,TRUE,TRUE,TRUE,TRUE,TRUE,FALSE,FALSE,FALSE,5,"CSS",2018,11,16,2018,2,13,2018,9,27,226,276,50
"Science Community","10.1126/science.aaf5239","Quantifying the evolution of individual scientific impact","SCIENCE",142,"Sinatra, Roberta; Wang, Dashun; Deville, Pierre; Song, Chaoming; Barabasi, Albert-Laszlo",8,45,2016-11-04,2014-11-01,2016-09-29,TRUE,TRUE,TRUE,FALSE,TRUE,TRUE,FALSE,FALSE,FALSE,5,"CSS",2016,11,4,2014,11,1,2016,9,29,698,734,36
"Big Data","10.1126/science.aam9309","Quantitative analysis of population-scale family trees with millions of relatives","SCIENCE",41,"Kaplanis, Joanna; Gordon, Assaf; Shor, Tal; Weissbrod, Omer; Geiger, Dan; Wahl, Mary; Gershovits, Michael; Markus, Barak; Sheikh, Mona; Gymrek, Melissa; Bhatia, Gaurav; MacArthur, Daniel G.; Price, Alkes L.; Erlich, Yaniv",5,79,2018-04-13,2017-02-07,2018-02-07,TRUE,FALSE,TRUE,TRUE,TRUE,TRUE,FALSE,FALSE,FALSE,14,"CSS",2018,4,13,2017,2,7,2018,2,7,365,430,65
"Social Science","10.1126/science.aas9899","Relationship of gender differences in preferences to economic development and gender equality","SCIENCE",7,"Falk, Armin; Hermle, Johannes",6,52,2018-10-19,2018-01-16,2018-08-20,TRUE,FALSE,TRUE,FALSE,FALSE,TRUE,FALSE,FALSE,FALSE,2,"CSS",2018,10,19,2018,1,16,2018,8,20,216,276,60
"Public Health","10.1038/s41586-018-0263-3","Robust relationship between air quality and infant mortality in Africa","NATURE",16,"Heft-Neal, Sam; Burney, Jennifer; Bendavid, Eran; Burke, Marshall",5,67,2018-07-12,2017-07-14,2018-05-23,TRUE,FALSE,TRUE,FALSE,FALSE,TRUE,FALSE,FALSE,FALSE,4,"CSS",2018,7,12,2017,7,14,2018,5,23,313,363,50
"Network Science","10.1126/science.aan3184","Small vulnerable sets determine large network cascades in power grids","SCIENCE",45,"Yang, Yang; Nishikawa, Takashi; Motter, Adilson E.",7,49,2017-11-17,2017-03-27,2017-09-21,TRUE,TRUE,TRUE,TRUE,TRUE,TRUE,FALSE,FALSE,FALSE,3,"CSS",2017,11,17,2017,3,27,2017,9,21,178,235,57
"Human Behavior","10.1038/nature25763","Social norm complexity and past reputations in the evolution of cooperation","NATURE",19,"Santos, Fernando P.; Santos, Francisco C.; Pacheco, Jorge M.",4,43,2018-03-08,2017-09-05,2018-01-15,TRUE,TRUE,TRUE,FALSE,FALSE,TRUE,FALSE,FALSE,FALSE,3,"CSS",2018,3,8,2017,9,5,2018,1,15,132,184,52
"Computer Science/AI","10.1126/science.aao1733","Superhuman AI for heads up no-limit poker: Libratus beats top professionals","SCIENCE",74,"Brown, Noam; Sandholm, Tuomas",7,68,2018-01-26,2017-06-22,2017-12-12,TRUE,TRUE,TRUE,FALSE,TRUE,FALSE,FALSE,FALSE,TRUE,2,"CS",2018,1,26,2017,6,22,2017,12,12,173,218,45
"Economics","10.1126/science.aan5329","Teaching Personal initiative beats traditional training in boosting small business in West Africa","SCIENCE",63,"Campos, Francisco; Frese, Michael; Goldstein, Markus; Iacovone, Leonardo; Johnson, Hillary C.; McKenzie, David; Mensmann, Mona",4,37,2017-09-22,2017-03-15,2017-08-23,TRUE,FALSE,TRUE,FALSE,FALSE,TRUE,FALSE,FALSE,FALSE,7,"CSS",2017,9,22,2017,3,15,2017,8,23,161,191,30
"Cognitive Development","10.1126/science.aag2132","Ten-month-old infants infer the value of goals from the costs of actions","SCIENCE",18,"Liu, Shari; Ullman, Tomer D.; Tenenbaum, Joshua B.; Spelke, Elizabeth S.",4,54,2017-11-24,2017-05-22,2017-10-12,TRUE,TRUE,TRUE,FALSE,FALSE,TRUE,FALSE,FALSE,FALSE,4,"CSS",2017,11,24,2017,5,22,2017,10,12,143,186,43
"Social Science","10.1126/science.aai7488","The fundamental advantages of temporal networks","SCIENCE",96,"Li, A.; Cornelius, S. P.; Liu, Y. -Y.; Wang, L.; Barabasi, A. -L.",5,41,2017-11-24,2016-08-05,2017-07-25,TRUE,TRUE,TRUE,TRUE,TRUE,TRUE,FALSE,FALSE,FALSE,5,"CSS",2017,11,24,2016,8,5,2017,7,25,354,476,122
"Development Economics","10.1126/science.aah5309","The long run poverty and gender impacts of mobile money","SCIENCE",146,"Suri, Tavneet; Jack, William",5,33,2016-12-09,2016-07-13,2016-11-09,TRUE,TRUE,TRUE,FALSE,FALSE,TRUE,FALSE,FALSE,FALSE,2,"CSS",2016,12,9,2016,7,13,2016,11,9,119,149,30
"Human Behavior","10.1038/s41586-018-0637-6","The Moral Machine Experiment","NATURE",49,"Awad, Edmond; Dsouza, Sohan; Kim, Richard; Schulz, Jonathan; Henrich, Joseph; Shariff, Azim; Bonnefon, Jean-Francois; Rahwan, Iyad",5,32,2018-11-01,2018-03-02,2018-09-25,TRUE,FALSE,TRUE,FALSE,TRUE,TRUE,FALSE,FALSE,FALSE,8,"CSS",2018,11,1,2018,3,2,2018,9,25,207,244,37
"Anthropology","10.1038/nature19758","The phylogenetic roots of human lethal violence","NATURE",99,"Maria Gomez, Jose; Verdu, Miguel; Gonzalez-Megias, Adela; Mendez, Marcos",5,51,2016-10-13,2016-03-17,2016-08-15,NA,NA,NA,NA,NA,FALSE,TRUE,FALSE,FALSE,4,"SS",2016,10,13,2016,3,17,2016,8,15,151,210,59
"Human Demography","10.1126/science.aat3119","The plateau of human mortality: Demography of longevity pioneers","SCIENCE",30,"Barbi, Elisabetta; Lagona, Francesco; Marsili, Marco; Vaupel, James W.; Wachter, Kenneth W.",3,27,2018-06-29,2018-02-13,2018-05-09,TRUE,TRUE,TRUE,FALSE,FALSE,TRUE,FALSE,FALSE,FALSE,5,"CSS",2018,6,29,2018,2,13,2018,5,9,85,136,51
"Social Science","10.1126/science.aap9559","The spread of true and false news online","SCIENCE",529,"Vosoughi, Soroush; Roy, Deb; Aral, Sinan",6,75,2018-03-09,2017-09-14,2018-01-19,TRUE,FALSE,TRUE,TRUE,TRUE,TRUE,FALSE,FALSE,FALSE,3,"CSS",2018,3,9,2017,9,14,2018,1,19,127,176,49
"Social Networks","10.1126/scienee.aau9735","The strength of long-range ties in population-scale social networks","SCIENCE",1,"Park, Patrick S.; Blumenstock, Joshua E.; Macy, Michael W.",4,55,2018-12-21,2018-08-02,2018-11-06,TRUE,FALSE,TRUE,TRUE,FALSE,TRUE,FALSE,FALSE,FALSE,3,"CSS",2018,12,21,2018,8,2,2018,11,6,96,141,45
"Computational Neuroscience","10.1038/s41586-018-0102-6","Vector-based navigation using grid -like representations in artificial agents","NATURE",90,"Banino, Andrea; Barry, Caswell; Uria, Benigno; Blundell, Charles; Lillicrap, Timothy; Mirowski, Piotr; Pritzel, Alexander; Chadwick, Martin J.; Degris, Thomas; Modayil, Joseph; Wayne, Greg; Soyer, Hubert; Viola, Fabio; Zhang, Brian; Goroshin, Ross; Rabinowitz, Neil; Pascanu, Razvan; Beattie, Charlie; Petersen, Stig; Sadik, Amir; Gaffney, Stephen; King, Helen; Kavukcuoglu, Koray; Hassabis, Demis; Hadsell, Raia; Kumaran, Dharshan",5,49,2018-05-17,2017-07-05,2018-04-03,NA,NA,NA,NA,NA,FALSE,TRUE,FALSE,TRUE,26,"SS",2018,5,17,2017,7,5,2018,4,3,272,316,44
"Epidimiology","10.1038/nature22040","Virus genomes reveal factors that spread
and sustained the Ebola epidemic","NATURE",110,"Dudas, Gytis; Carvalho, Luiz Max; Bedford, Trevor; Tatem, Andrew J.; Baele, Guy; Faria, Nuno R.; Park, Daniel J.; Ladner, Jason T.; Arias, Armando; Asogun, Danny; Bielejec, Filip; Caddy, Sarah L.; Cotten, Matthew; D'Ambrozio, Jonathan; Dellicour, Simon; Di Caro, Antonino; Diclaro, Joseph W.; Duraffour, Sophie; Elmore, Michael J.; Iii, Lawrence S. Fakoli; Faye, Ousmane; Gilbert, Merle L.; Gevao, Sahr M.; Gire, Stephen; Gladden-Young, Adrianne; Gnirke, Andreas; Goba, Augustine; Grant, Donald S.; Haagmans, Bart L.; Hiscox, Julian A.; Jah, Umaru; Kugelman, Jeffrey R.; Liu, Di; Lu, Jia; Malboeuf, Christine M.; Mate, Suzanne; Matthews, David A.; Matranga, Christian B.; Meredith, Luke W.; Qu, James; Quick, Joshua; Pas, Suzan D.; Phan, My V. T.; Pollakis, Georgios; Reusken, Chantal B.; Sanchez-Lockhart, Mariano; Schaffner, Stephen F.; Schieffelin, John S.; Sealfon, Rachel S.; Simon-Loriere, Etienne; Smits, Saskia L.; Stoecker, Kilian; Thorne, Lucy; Tobin, Ekaete Alice; Vandi, Mohamed A.; Watson, Simon J.; West, Kendra; Whitmer, Shannon; Wiley, Michael R.; Winnicki, Sarah M.; Wohl, Shirlee; Wolfel, Roman; Yozwiak, Nathan L.; Andersen, Kristian G.; Blyden, Sylvia O.; Bolay, Fatorma; Carroll, Miles W.; Dahn, Bernice; Diallo, Boubacar; Formenty, Pierre; Fraser, Christophe; Gao, George F.; Garry, Robert F.; Goodfellow, Ian; Gnther, Stephan; Happi, Christian T.; Holmes, Edward C.; Kargbo, Brima; Keita, Sakoba; Kellam, Paul; Koopmans, Marion P. G.; Kuhn, Jens H.; Loman, Nicholas J.; Magassouba, N'Faly; Naidoo, Dhamari; Nichol, Stuart T.; Nyenswah, Tolbert; Palacios, Gustavo; Pybus, Oliver G.; Sabeti, Pardis C.; Sall, Amadou; Stroher, Ute; Wurie, Isatta; Suchard, Marc A.; Lemey, Philippe; Rambaut, Andrew",7,57,2017-04-20,2016-08-31,2017-03-02,TRUE,FALSE,TRUE,FALSE,FALSE,TRUE,FALSE,FALSE,FALSE,96,"CSS",2017,4,20,2016,8,31,2017,3,2,183,232,49
"Epidimiology","10.1038/nature22402","Zika Virus evolution and spread in the Americas","NATURE",133,"Metsky, Hayden C.; Matranga, Christian B.; Wohl, Shirlee; Schaffner, Stephen F.; Freije, Catherine A.; Winnicki, Sarah M.; West, Kendra; Qu, James; Baniecki, Mary Lynn; Gladden-Young, Adrianne; Lin, Aaron E.; Tomkins-Tinch, Christopher H.; Ye, Simon H.; Park, Daniel J.; Luo, Cynthia Y.; Barnes, Kayla G.; Shah, Rickey R.; Chak, Bridget; Barbosa-Lima, Giselle; Delatorre, Edson; Vieira, Yasmine R.; Paul, Lauren M.; Tan, Amanda L.; Barcellona, Carolyn M.; Porcelli, Mario C.; Vasquez, Chalmers; Cannons, Andrew C.; Cone, Marshall R.; Hogan, Kelly N.; Kopp, Edgar W.; Anzinger, Joshua J.; Garcia, Kimberly F.; Parham, Leda A.; Gelvez Ramirez, Rosa M.; Miranda Montoya, Maria C.; Rojas, Diana P.; Brown, Catherine M.; Hennigan, Scott; Sabina, Brandon; Scotland, Sarah; Gangavarapu, Karthik; Grubaugh, Nathan D.; Oliveira, Glenn; Robles-Sikisaka, Refugio; Rambaut, Andrew; Gehrke, Lee; Smole, Sandra; Halloran, M. Elizabeth; Villar, Luis; Mattar, Salim; Lorenzana, Ivette; Cerbino-Neto, Jose; Valim, Clarissa; Degrave, Wim; Bozza, Patricia T.; Gnirke, Andreas; Andersen, Kristian G.; Isern, Sharon; Michael, Scott F.; Bozza, Fernando A.; Souza, Thiago M. L.; Bosch, Irene; Yozwiak, Nathan L.; MacInnis, Bronwyn L.; Sabeti, Pardis C.",5,68,2017-06-15,2017-03-01,2017-05-02,TRUE,FALSE,TRUE,FALSE,FALSE,FALSE,TRUE,FALSE,FALSE,65,"SS",2017,6,15,2017,3,1,2017,5,2,62,106,44
"Earth Science","10.1038/nature18289","Convection in a volatile nitrogen-ice-rich layer drives Pluto's geological vigour","NATURE",40,"McKinnon, William B.; Nimmo, Francis; Wong, Teresa; Schenk, Paul M.; White, Oliver L.; Roberts, J. H.; Moore, J. M.; Spencer, J. R.; Howard, A. D.; Umurhan, O. M.; Stern, S. A.; Weaver, H. A.; Olkin, C. B.; Young, L. A.; Smith, K. E.",4,40,2016-06-02,2015-12-21,2016-04-19,FALSE,TRUE,TRUE,FALSE,FALSE,FALSE,FALSE,TRUE,FALSE,15,"Natural",2016,6,2,2015,12,21,2016,4,19,120,164,44
"Biocatalysis","10.1126/science.aar4239","Enzymatic construction of highly strained carbocycles","SCIENCE",36,"Chen, Kai; Huang, Xiongyi; Kan, S. B. Jennifer; Zhang, Ruijie K.; Arnold, Frances H.",5,71,2018-04-06,2017-11-08,2018-02-06,FALSE,FALSE,TRUE,FALSE,FALSE,FALSE,FALSE,TRUE,FALSE,5,"Natural",2018,4,6,2017,11,8,2018,2,6,90,149,59
"Structural Biology","10.1126/science.aah5324","Structural basis for the gating mechanism of the type 2 ryanodine receptor RyR2","SCIENCE",94,"Peng, Wei; Shen, Huaizong; Wu, Jianping; Guo, Wenting; Pan, Xiaojing; Wang, Ruiwu; Chen, S. R. Wayne; Yan, Nieng",10,63,2016-10-21,2016-07-13,2016-09-14,FALSE,FALSE,TRUE,FALSE,FALSE,FALSE,FALSE,TRUE,FALSE,8,"Natural",2016,10,21,2016,7,13,2016,9,14,63,100,37
"Optics","10.1126/science.aaf6308","Shrinking light to allow forbidden transitions on the atomic scale","SCIENCE",85,"Rivera, Nicholas; Kaminer, Ido; Zhen, Bo; Joannopoulos, John D.; Soljacic, Marin",7,55,2016-07-15,2016-03-06,2016-06-17,FALSE,TRUE,TRUE,FALSE,FALSE,FALSE,FALSE,TRUE,FALSE,5,"Natural",2016,7,15,2016,3,6,2016,6,17,103,131,28
"Cancer","10.1126/science.aat5749","Reprogramming normal human epithelial tissues to a common, lethal neuroendocrine cancer lineage","SCIENCE",14,"Park, Jung Wook; Lee, John K.; Sheu, Katherine M.; Wang, Liang; Balanis, Nikolas G.; Kim Nguyen; Smith, Bryan A.; Cheng, Chen; Tsai, Brandon L.; Cheng, Donghui; Huang, Jiaoti; Kurdistani, Siavash K.; Graeber, Thomas G.; Witte, Owen N.",5,50,2018-10-05,2018-03-14,2018-08-09,TRUE,FALSE,TRUE,FALSE,FALSE,FALSE,FALSE,TRUE,FALSE,14,"Natural",2018,10,5,2018,3,14,2018,8,9,148,205,57
"Big Data","10.1126/science.aam9309","Quantitative analysis of population-scale family trees with millions of relatives","SCIENCE",44,"Kaplanis, Joanna; Gordon, Assaf; Shor, Tal; Weissbrod, Omer; Geiger, Dan; Wahl, Mary; Gershovits, Michael; Markus, Barak; Sheikh, Mona; Gymrek, Melissa; Bhatia, Gaurav; MacArthur, Daniel G.; Price, Alkes L.; Erlich, Yaniv",5,79,2018-04-13,2017-02-07,2018-02-07,TRUE,FALSE,TRUE,TRUE,FALSE,TRUE,TRUE,TRUE,TRUE,14,"CSS",2018,4,13,2017,2,7,2018,2,7,365,430,65
"Ribosome","10.1126/science.aal2415","The structure of the yeast mitochondrial ribosome","SCIENCE",52,"Desai, Nirupa; Brown, Alan; Amunts, Alexey; Ramakrishnan, V.",4,56,2017-02-03,2016-10-18,2017-01-05,FALSE,FALSE,TRUE,FALSE,FALSE,FALSE,FALSE,TRUE,FALSE,4,"Natural",2017,2,3,2016,10,18,2017,1,5,79,108,29
"Molecular Biology","10.1126/science.aan6490","A mitosis-specific and R loop-driven ATR pathway promotes faithful chromosome segregation","SCIENCE",39,"Kabeche, Lilian; Nguyen, Hai Dang; Buisson, Remi; Zou, Lee",6,30,2018-01-05,2017-05-12,2017-11-09,TRUE,FALSE,TRUE,FALSE,FALSE,FALSE,FALSE,TRUE,FALSE,4,"Natural",2018,1,5,2017,5,12,2017,11,9,181,238,57
"Microbiome","10.1038/s41586-018-0617-x","Temporal development of the gut microbiome in early childhood from the TEDDY study","NATURE",33,"Stewart, Christopher J.; Ajami, Nadim J.; O'Brien, Jacqueline L.; Hutchinson, Diane S.; Smith, Daniel P.; Wong, Matthew C.; Ross, Matthew C.; Lloyd, Richard E.; Doddapaneni, HarshaVardhan; Metcalf, Ginger A.; Muzny, Donna; Gibbs, Richard A.; Vatanen, Tommi; Huttenhower, Curtis; Xavier, Ramnik J.; Rewers, Marian; Hagopian, William; Toppari, Jorma; Ziegler, Anette-G.; She, Jin-Xiong; Akolkar, Beena; Lernmark, Ake; Hyoty, Heikki; Vehik, Kendra; Krischer, Jeffrey P.; Petrosino, Joseph F.",6,74,2018-10-25,2017-11-16,2018-08-30,TRUE,FALSE,TRUE,FALSE,FALSE,FALSE,FALSE,TRUE,FALSE,26,"Natural",2018,10,25,2017,11,16,2018,8,30,287,343,56
"Machine Learning","10.1038/nature17439","Machine-learning-assisted materials discovery using failed experiments","NATURE",266,"Raccuglia, Paul; Elbert, Katherine C.; Adler, Philip D. F.; Falk, Casey; Wenny, Malia B.; Mollo, Aurelio; Zeller, Matthias; Friedler, Sorelle A.; Schrier, Joshua; Norquist, Alexander J.",3,39,2016-05-05,2015-09-10,2016-02-22,TRUE,FALSE,TRUE,FALSE,TRUE,FALSE,FALSE,TRUE,TRUE,10,"Natural",2016,5,5,2015,9,10,2016,2,22,165,238,73
"Cancer Therapy","10.1126/science.aal3755","Anticancer sulfonamides target splicing by inducing RBM39 degradation via recruitment to DCAF15","SCIENCE",63,"Han, Ting; Goralski, Maria; Gaskill, Nicholas; Capota, Emanuela; Kim, Jiwoong; Ting, Tabitha C.; Xie, Yang; Williams, Noelle S.; Nijhawan, Deepak",13,53,2017-04-28,2016-11-09,2017-02-27,TRUE,FALSE,TRUE,FALSE,FALSE,FALSE,FALSE,TRUE,FALSE,9,"Natural",2017,4,28,2016,11,9,2017,2,27,110,170,60
"Device Technology","10.1126/science.aal4062","All-printed thin-film transistors from networks of liquid-exfoliated nanosheets","SCIENCE",128,"Kelly, Adam G.; Hallam, Toby; Backes, Claudia; Harvey, Andrew; Esmaeily, Amir Sajad; Godwin, Ian; Coelho, Joao; Nicolosi, Valeria; Lauth, Jannika; Kulkarni, Aditya; Kinge, Sachin; Siebbeles, Laurens D. A.; Duesberg, Georg S.; Coleman, Jonathan N.",4,57,2017-04-07,2016-11-15,2017-03-13,TRUE,TRUE,TRUE,TRUE,FALSE,FALSE,FALSE,TRUE,FALSE,14,"Natural",2017,4,7,2016,11,15,2017,3,13,118,143,25
"Systems Biology","10.1126/science.aao0645","Morphogen gradient reconstitution reveals Hedgehog pathway design principles","SCIENCE",14,"Li, Pulin; Markson, Joseph S.; Wang, Sheng; Chen, Siheng; Vachharajani, Vipul; Elowitz, Michael B.",6,52,2018-05-04,2017-06-14,2018-03-22,TRUE,FALSE,TRUE,FALSE,FALSE,FALSE,FALSE,TRUE,FALSE,6,"Natural",2018,5,4,2017,6,14,2018,3,22,281,324,43
"Immunology","10.1126/science.aao3859","Germinal center antibody mutation trajectories are determined by rapid self/foreign discrimination","SCIENCE",19,"Burnett, Deborah L.; Langley, David B.; Schofield, Peter; Hermes, Jana R.; Chan, Tyani D.; Jackson, Jennifer; Bourne, Katherine; Reed, Joanne H.; Patterson, Kate; Porebski, Benjamin T.; Brink, Robert; Christ, Daniel; Goodnow, Christopher C.",4,35,2018-04-13,2017-07-14,2018-02-20,TRUE,FALSE,TRUE,FALSE,FALSE,FALSE,FALSE,TRUE,FALSE,13,"Natural",2018,4,13,2017,7,14,2018,2,20,221,273,52
"Chemical Physics","10.1126/science.aaj2198","Femtosecond x-ray spectroscopy of an electrocyclic ring-opening reaction","SCIENCE",79,"Attar, Andrew R.; Bhattacherjee, Aditi; Pemmaraju, C. D.; Schnorr, Kirsten; Closser, Kristina D.; Prendergast, David; Leone, Stephen R.",5,64,2017-04-07,2016-09-18,2017-02-22,TRUE,FALSE,TRUE,FALSE,TRUE,FALSE,FALSE,TRUE,FALSE,7,"Natural",2017,4,7,2016,9,18,2017,2,22,157,201,44
"Computational Biophysics","10.1038/nature24469","A tethering complex drives the terminal stage of SNARE-dependent membrane fusion","NATURE",28,"D'Agostino, Massimo; Risselada, Herre Jelger; Luerick, Anna; Ungermann, Christian; Mayer, Andreas",5,51,2017-11-30,2017-02-28,2017-10-03,TRUE,FALSE,TRUE,FALSE,TRUE,FALSE,FALSE,TRUE,FALSE,5,"Natural",2017,11,30,2017,2,28,2017,10,3,217,275,58
"Materials Science","10.1126/science.aag2421","Electromagnetic interference shielding with 2D transition metal carbides (MXenes)","SCIENCE",604,"Shahzad, Faisal; Alhabeb, Mohamed; Hatter, Christine B.; Anasori, Babak; Hong, Soon Man; Koo, Chong Min; Gogotsi, Yury",4,112,2016-09-09,2016-05-29,2016-08-10,TRUE,FALSE,TRUE,FALSE,FALSE,FALSE,FALSE,TRUE,FALSE,7,"Natural",2016,9,9,2016,5,29,2016,8,10,73,103,30
"Synthetic Biology","10.1126/science.aaf4706","Bug mapping and fitness testing of chemically synthesized chromosome X","SCIENCE",84,"Wu, Yi; Li, Bing-Zhi; Zhao, Meng; Mitchell, Leslie A.; Xie, Ze-Xiong; Lin, Qiu-Hui; Wang, Xia; Xiao, Wen-Hai; Wang, Ying; Zhou, Xiao; Liu, Hong; Li, Xia; Ding, Ming-Zhu; Liu, Duo; Zhang, Lu; Liu, Bao-Li; Wu, Xiao-Le; Li, Fei-Fei; Dong, Xiu-Tao; Jia, Bin; Zhang, Wen-Zheng; Jiang, Guo-Zhen; Liu, Yue; Bai, Xue; Song, Tian-Qing; Chen, Yan; Zhou, Si-Jie; Zhu, Rui-Ying; Gao, Feng; Kuang, Zheng; Wang, Xuya; Shen, Michael; Yang, Kun; Stracquadanio, Giovanni; Richardson, Sarah M.; Lin, Yicong; Wang, Lihui; Walker, Roy; Luo, Yisha; Ma, Ping-Sheng; Yang, Huanming; Cai, Yizhi; Dai, Junbiao; Bader, Joel S.; Boeke, Jef D.; Yuan, Ying-Jin",6,31,2017-03-10,2016-02-16,2017-02-01,FALSE,FALSE,TRUE,FALSE,FALSE,FALSE,FALSE,TRUE,FALSE,46,"Natural",2017,3,10,2016,2,16,2017,2,1,351,388,37
"Structural Biology","10.1126/science.aad3873","Structure and organization of heteromeric AMPA-type glutamate receptors","SCIENCE",60,"Herguedas, Beatriz; Garcia-Nafria, Javier; Cais, Ondrej; Fernandez-Leiro, Rafael; Krieger, James; Ho, Hinze; Greger, Ingo H.",10,68,2016-04-29,2015-09-05,2016-02-24,FALSE,FALSE,TRUE,TRUE,TRUE,FALSE,FALSE,TRUE,FALSE,7,"Natural",2016,4,29,2015,9,5,2016,2,24,172,237,65
"Neurodevelopment","10.1126/science.aav2522","Temporal patterning of apical progenitors and their daughter neurons in the developing neocortex","SCIENCE",1,"Telley, L.; Agirman, G.; Prados, J.; Amberg, N.; Fievre, S.; Oberst, P.; Bartolini, G.; Vitali, I.; Cadilhac, C.; Hippenmeyer, S.; Nguyen, L.; Dayer, A.; Jabaudon, D.",7,56,2019-05-10,2018-09-05,2019-04-04,TRUE,FALSE,TRUE,TRUE,FALSE,FALSE,FALSE,TRUE,FALSE,13,"Natural",2019,5,10,2018,9,5,2019,4,4,211,247,36
"Evolutionary Theory","10.1038/nature18005","How sexual selection can drive the evolution of costly sperm ornamentation","NATURE",41,"Lupold, Stefan; Manier, Mollie K.; Puniamoorthy, Nalini; Schoff, Christopher; Starmer, William T.; Luepold, Shannon H. Buckley; Belote, John M.; Pitnick, Scott",4,71,2016-05-26,2016-01-11,2016-04-13,TRUE,FALSE,TRUE,FALSE,FALSE,FALSE,FALSE,TRUE,FALSE,8,"Natural",2016,5,26,2016,1,11,2016,4,13,93,136,43
"Cancer Genomics","10.1038/nature24477","Mechanism of tandem duplication formation in BRCA1-mutant cells","NATURE",15,"Willis, Nicholas A.; Frock, Richard L.; Menghi, Francesca; Duffey, Erin E.; Panday, Arvind; Camacho, Virginia; Hasty, E. Paul; Liu, Edison T.; Alt, Frederick W.; Scully, Ralph",6,53,2017-11-30,2016-08-01,2017-10-09,TRUE,FALSE,TRUE,FALSE,FALSE,FALSE,FALSE,TRUE,FALSE,10,"Natural",2017,11,30,2016,8,1,2017,10,9,434,486,52
"Quantum Information","10.1038/nature23675","Ground-to-satellite quantum teleportation","NATURE",160,"Ren, Ji-Gang; Xu, Ping; Yong, Hai-Lin; Zhang, Liang; Liao, Sheng-Kai; Yin, Juan; Liu, Wei-Yue; Cai, Wen-Qi; Yang, Meng; Li, Li; Yang, Kui-Xing; Han, Xuan; Yao, Yong-Qiang; Li, Ji; Wu, Hai-Yan; Wan, Song; Liu, Lei; Liu, Ding-Quan; Kuang, Yao-Wu; He, Zhi-Ping; Shang, Peng; Guo, Cheng; Zheng, Ru-Hua; Tian, Kai; Zhu, Zhen-Cai; Liu, Nai-Le; Lu, Chao-Yang; Shu, Rong; Chen, Yu-Ao; Peng, Cheng-Zhi; Wang, Jian-Yu; Pan, Jian-Wei",4,27,2017-09-07,2017-03-20,2017-07-21,TRUE,TRUE,TRUE,FALSE,FALSE,FALSE,FALSE,TRUE,FALSE,32,"Natural",2017,9,7,2017,3,20,2017,7,21,123,171,48
"Immunology","10.1126/science.aan8423","DNGR-1 in dendritic cells limits tissue damage by dampening neutrophil recruitment","SCIENCE",8,"del Fresno, Carlos; Saz-Leal, Paula; Enamorado, Michel; Wculek, Stefanie K.; Martinez-Cano, Sarai; Blanco-Menendez, Noelia; Schulz, Oliver; Gallizioli, Mattia; Miro-Mur, Francesc; Cano, Eva; Planas, Anna; Sancho, David",6,31,2018-10-19,2017-05-29,2018-09-03,TRUE,FALSE,TRUE,FALSE,FALSE,FALSE,FALSE,TRUE,FALSE,12,"Natural",2018,10,19,2017,5,29,2018,9,3,462,508,46
"Developmental Biology","10.1126/science.aat8642","Molecular to organismal chirality is induced by the conserved myosin 1D","SCIENCE",12,"Lebreton, G.; Geminard, C.; Lapraz, F.; Pyrpassopoulos, S.; Cerezo, D.; Speder, P.; Ostap, E. M.; Noselli, S.",3,30,2018-11-23,2018-04-13,2018-10-04,TRUE,FALSE,TRUE,FALSE,FALSE,FALSE,FALSE,TRUE,FALSE,8,"Natural",2018,11,23,2018,4,13,2018,10,4,174,224,50
"Translational Immunology","10.1038/s41586-018-0701-2","The metabolite BH4 controls T cell proliferation in autoimmunity and cancer","NATURE",7,"Cronin, Shane J. F.; Seehus, Corey; Weidinger, Adelheid; Talbot, Sebastien; Reissig, Sonja; Seifert, Markus; Pierson, Yann; McNeill, Eileen; Longhi, Maria Serena; Turnes, Bruna Lenfers; Kreslavsky, Taras; Kogler, Melanie; Hoffmann, David; Ticevic, Melita; Scheffer, Debora da Luz; Tortola, Luigi; Cikes, Domagoj; Jais, Alexander; Rangachari, Manu; Rao, Shuan; Paolino, Magdalena; Novatchkova, Maria; Aichinger, Martin; Barrett, Lee; Latremoliere, Alban; Wirnsberger, Gerald; Lametschwandtner, Guenther; Busslinger, Meinrad; Zicha, Stephen; Latini, Alexandra; Robson, Simon C.; Waisman, Ari; Andrews, Nick; Costigan, Michael; Channon, Keith M.; Weiss, Guenter; Kozlov, Andrey V.; Tebbe, Mark; Johnsson, Kai; Woolf, Clifford J.; Penninger, Josef M.",5,41,2018-11-22,2017-12-18,2018-09-20,TRUE,FALSE,TRUE,FALSE,FALSE,FALSE,FALSE,TRUE,FALSE,41,"Natural",2018,11,22,2017,12,18,2018,9,20,276,339,63
"Materials Science","10.1038/nature21421","Ultra-selective high-flux membranes from directly synthesized zeolite nanosheets","NATURE",102,"Jeon, Mi Young; Kim, Donghun; Kumar, Prashant; Lee, Pyung Soo; Rangnekar, Neel; Bai, Peng; Shete, Meera; Elyassi, Bahman; Lee, Han Seung; Narasimharao, Katabathini; Basahel, Sulaiman Nasir; Al-Thabaiti, Shaeel; Xu, Wenqian; Cho, Hong Je; Fetisov, Evgenii O.; Thyagarajan, Raghuram; DeJaco, Robert F.; Fan, Wei; Mkhoyan, K. Andre; Siepmann, J. Ilja; Tsapatsis, Michael",5,53,2017-03-30,2016-09-19,2017-01-25,FALSE,FALSE,TRUE,FALSE,TRUE,FALSE,FALSE,TRUE,FALSE,21,"Natural",2017,3,30,2016,9,19,2017,1,25,128,192,64
"Health Economics","10.1126/science.aaf7384","The impact of training informal health care providers in India: A randomized controlled trial","SCIENCE",33,"Das, Jishnu; Chowdhury, Abhijit; Hussam, Reshmaan; Banerjee, Abhijit V.",11,55,2016-10-07,2016-03-22,2016-08-25,TRUE,FALSE,TRUE,FALSE,FALSE,FALSE,FALSE,TRUE,FALSE,4,"Natural",2016,10,7,2016,3,22,2016,8,25,156,199,43
"Climate Change","10.1038/nature16542","Allowable CO2 emissions based on regional and impact-related climate targets","NATURE",215,"Seneviratne, Sonia I.; Donat, Markus G.; Pitman, Andy J.; Knutti, Reto; Wilby, Robert L.",7,58,2016-01-28,2015-09-17,2015-12-16,TRUE,FALSE,TRUE,FALSE,TRUE,FALSE,FALSE,TRUE,FALSE,5,"Natural",2016,1,28,2015,9,17,2015,12,16,90,133,43
"Photonics","10.1038/nature19821","Multi-petahertz electronic metrology","NATURE",116,"Garg, M.; Zhan, M.; Luu, T. T.; Lakhotia, H.; Klostermann, T.; Guggenmos, A.; Goulielmakis, E.",5,30,2016-10-20,2016-02-26,2016-08-30,TRUE,TRUE,TRUE,FALSE,TRUE,FALSE,FALSE,TRUE,FALSE,7,"Natural",2016,10,20,2016,2,26,2016,8,30,186,237,51
"Political Science","10.1126/science.aag2147","How economic, humanitarian, and religious concerns shape European attitudes toward asylum seekers","SCIENCE",154,"Bansak, Kirk; Hainmueller, Jens; Hangartner, Dominik",6,48,2016-10-14,2016-05-24,2016-09-06,TRUE,FALSE,TRUE,FALSE,FALSE,TRUE,FALSE,FALSE,FALSE,3,"CSS",2016,10,14,2016,5,24,2016,9,6,105,143,38
"Combustion Chemistry","10.1126/science.aat3417","Resonance-stabilized hydrocarbon-radical chain reactions may explain soot inception and growth","SCIENCE",53,"Johansson, K. O.; Head-Gordon, M. P.; Schrader, P. E.; Wilson, K. R.; Michelsen, H. A.",4,36,2018-09-07,2018-02-15,2018-07-13,FALSE,FALSE,TRUE,FALSE,FALSE,FALSE,FALSE,TRUE,FALSE,5,"Natural",2018,9,7,2018,2,15,2018,7,13,148,204,56
"Synthetic Biology","10.1126/science.aat0971","Hachimoji DNA and RNA: A genetic system with eight building blocks","SCIENCE",11,"Hoshika, Shuichi; Leal, Nicole A.; Kim, Myong-Jung; Kim, Myong-Sang; Karalkar, Nilesh B.; Kim, Hyo-Joong; Bates, Alison M.; Watkins, Norman E., Jr.; SantaLucia, Holly A.; Meyer, Adam J.; DasGupta, Saurja; Piccirilli, Joseph A.; Ellington, Andrew D.; SantaLucia, John, Jr.; Georgiadis, Millie M.; Benner, Steven A.",4,39,2019-02-22,2018-01-23,2019-01-31,TRUE,FALSE,TRUE,FALSE,FALSE,FALSE,FALSE,TRUE,FALSE,16,"Natural",2019,2,22,2018,1,23,2019,1,31,373,395,22
"Nanocrystallography","10.1038/nature20599","Structures of riboswitch RNA reaction states by mix-and-inject XFEL serial crystallography","NATURE",99,"Stagno, J. R.; Liu, Y.; Bhandari, Y. R.; Conrad, C. E.; Panja, S.; Swain, M.; Fan, L.; Nelson, G.; Li, C.; Wendel, D. R.; White, T. A.; Coe, J. D.; Wiedorn, M. O.; Knoska, J.; Oberthuer, D.; Tuckey, R. A.; Yu, P.; Dyba, M.; Tarasov, S. G.; Weierstall, U.; Grant, T. D.; Schwieters, C. D.; Zhang, J.; Ferre-D'Amare, A. R.; Fromme, P.; Draper, D. E.; Liang, M.; Hunter, M. S.; Boutet, S.; Tan, K.; Zuo, X.; Ji, X.; Barty, A.; Zatsepin, N. A.; Chapman, H. N.; Spence, J. C. H.; Woodson, S. A.; Wang, Y. -X.",5,56,2017-01-12,2016-08-10,2016-11-04,TRUE,TRUE,TRUE,FALSE,TRUE,FALSE,FALSE,TRUE,FALSE,38,"Natural",2017,1,12,2016,8,10,2016,11,4,86,155,69
"Cancer Immunology","10.1126/science.aao0505","Antibody-mediated inhibition of MICA and MICB shedding promotes NK cell-driven tumor immunity","SCIENCE",53,"de Andrade, Lucas Ferrari; Tay, Rong En; Pan, Deng; Luoma, Adrienne M.; Ito, Yoshinaga; Badrinath, Soumya; Tsoucas, Daphne; Franz, Bettina; May, Kenneth F., Jr.; Harvey, Christopher J.; Kobold, Sebastian; Pyrdol, Jason W.; Yoon, Charles; Yuan, Guo-Cheng; Hodi, F. Stephen; Dranoff, Glenn; Wucherpfennig, Kai W.",6,39,2018-03-30,2017-06-08,2018-02-01,TRUE,FALSE,TRUE,FALSE,FALSE,FALSE,FALSE,TRUE,FALSE,17,"Natural",2018,3,30,2017,6,8,2018,2,1,238,295,57
"Geography","10.1038/nature25181","A global map of travel time to cities to assess inequalities in accessibility in 2015","NATURE",69,"Weiss, D. J.; Nelson, A.; Gibson, H. S.; Temperley, W.; Peedell, S.; Lieber, A.; Hancher, M.; Poyart, E.; Belchior, S.; Fullman, N.; Mappin, B.; Dalrymple, U.; Rozier, J.; Lucas, T. C. D.; Howes, R. E.; Tusting, L. S.; Kang, S. Y.; Cameron, E.; Bisanzio, D.; Battle, K. E.; Bhatt, S.; Gething, P. W.",4,37,2018-01-18,2017-05-22,2017-11-23,TRUE,TRUE,TRUE,TRUE,FALSE,TRUE,FALSE,FALSE,FALSE,22,"CSS",2018,1,18,2017,5,22,2017,11,23,185,241,56
"Plant Development","10.1038/nature22077","Discovery of nitrate-CPK-NLP signalling in central nutrient-growth networks","NATURE",71,"Liu, Kun-hsiang; Niu, Yajie; Konishi, Mineko; Wu, Yue; Du, Hao; Chung, Hoo Sun; Li, Lei; Boudsocq, Marie; McCormack, Matthew; Maekawa, Shugo; Ishida, Tetsuya; Zhang, Chao; Shokat, Kevan; Yanagisawa, Shuichi; Sheen, Jen",6,67,2017-05-18,2016-06-21,2017-03-16,TRUE,TRUE,TRUE,FALSE,FALSE,FALSE,FALSE,TRUE,FALSE,15,"Natural",2017,5,18,2016,6,21,2017,3,16,268,331,63
"Physical Chemistry","10.1126/science.aaw4675","Concerted proton-electron transfer reactions in the Marcus inverted region","SCIENCE",1,"Parada, Giovanny A.; Goldsmith, Zachary K.; Kolmar, Scott; Rimgard, Belinda Pettersson; Mercado, Brandon Q.; Hammarstrom, Leif; Hammes-Schiffer, Sharon; Mayer, James M.",4,60,2019-05-03,2018-12-21,2019-03-28,TRUE,TRUE,TRUE,FALSE,FALSE,FALSE,FALSE,TRUE,FALSE,8,"Natural",2019,5,3,2018,12,21,2019,3,28,97,133,36
"DNA Computing","10.1038/s41586-019-1014-9","Diverse and robust molecular algorithms using reprogrammable DNA self-assembly","NATURE",2,"Woods, Damien; Doty, David; Myhrvold, Cameron; Hui, Joy; Zhou, Felix; Yin, Peng; Winfree, Erik",7,111,2019-03-21,2018-05-22,2019-01-07,TRUE,FALSE,TRUE,FALSE,TRUE,FALSE,FALSE,FALSE,TRUE,7,"CS",2019,3,21,2018,5,22,2019,1,7,230,303,73
"Vaccines","10.1038/nature18952","Vaccine protection against Zika virus from Brazil","NATURE",325,"Larocca, Rafael A.; Abbink, Peter; Peron, Jean Pierre S.; Zanotto, Paolo M. de A.; Iampietro, M. Justin; Badamchi-Zadeh, Alexander; Boyd, Michael; Ng'ang'a, David; Kirilova, Marinela; Nityanandam, Ramya; Mercado, Noe B.; Li, Zhenfeng; Moseley, Edward T.; Bricault, Christine A.; Borducchi, Erica N.; Giglio, Patricia B.; Jetton, David; Neubauer, George; Nkolola, Joseph P.; Maxfield, Lori F.; De La Barrera, Rafael A.; Jarman, Richard G.; Eckels, Kenneth H.; Michael, Nelson L.; Thomas, Stephen J.; Barouch, Dan H.",5,30,2016-08-25,2016-05-30,2016-06-22,TRUE,FALSE,TRUE,FALSE,FALSE,FALSE,FALSE,TRUE,FALSE,26,"Natural",2016,8,25,2016,5,30,2016,6,22,23,87,64
"Physics","10.1126/science.aau3873","Ultrafast disordering of vanadium dimers in photoexcited VO2","SCIENCE",9,"Wall, Simon; Yang, Shan; Vidas, Luciana; Chollet, Matthieu; Glownia, James M.; Kozina, Michael; Katayama, Tetsuo; Henighan, Thomas; Jiang, Mason; Miller, Timothy A.; Reis, David A.; Boatner, Lynn A.; Delaire, Olivier; Trigo, Mariano",5,48,2018-11-02,2018-06-07,2018-09-05,FALSE,TRUE,TRUE,FALSE,TRUE,FALSE,FALSE,TRUE,FALSE,14,"Natural",2018,11,2,2018,6,7,2018,9,5,90,148,58
"Geochemistry","10.1126/science.aal1303","Large gem diamonds from metallic liquid in Earth's deep mantle","SCIENCE",113,"Smith, Evan M.; Shirey, Steven B.; Nestola, Fabrizio; Bullock, Emma S.; Wang, Jianhua; Richardson, Stephen H.; Wang, Wuyi",3,40,2016-12-16,2016-09-30,2016-11-15,FALSE,FALSE,TRUE,FALSE,FALSE,FALSE,FALSE,TRUE,FALSE,7,"Natural",2016,12,16,2016,9,30,2016,11,15,46,77,31
"Cell Signalling","10.1038/s41586-018-0199-7","EMI1 switches from being a substrate to an inhibitor of APC/C-CDH1 to start the cell cycle","NATURE",9,"Cappell, Steven D.; Mark, Kevin G.; Garbett, Damien; Pack, Lindsey R.; Rape, Michael; Meyer, Tobias",5,26,2018-06-14,2017-09-29,2018-04-17,TRUE,FALSE,TRUE,FALSE,TRUE,FALSE,FALSE,TRUE,FALSE,6,"Natural",2018,6,14,2017,9,29,2018,4,17,200,258,58
"Superconductivity","10.1126/science.aak9946","Femtosecond electron-phonon lock-in by photoemission and x-ray free-electron laser","SCIENCE",43,"Gerber, S.; Yang, S. -L.; Zhu, D.; Soifer, H.; Sobota, J. A.; Rebec, S.; Lee, J. J.; Jia, T.; Moritz, B.; Jia, C.; Gauthier, A.; Li, Y.; Leuenberger, D.; Zhang, Y.; Chaix, L.; Li, W.; Jang, H.; Lee, J. -S.; Yi, M.; Dakovski, G. L.; Song, S.; Glownia, J. M.; Nelson, S.; Kim, K. W.; Chuang, Y. -D.; Hussain, Z.; Moore, R. G.; Devereaux, T. P.; Lee, W. -S.; Kirchmann, P. S.; Shen, Z. -X.",4,44,2017-07-07,2016-09-27,2017-05-03,TRUE,FALSE,TRUE,FALSE,FALSE,FALSE,FALSE,TRUE,FALSE,31,"Natural",2017,7,7,2016,9,27,2017,5,3,218,283,65
"Cosmology","10.1038/nature25791","Possible interaction between baryons and dark-matter particles revealed by the first stars","NATURE",178,"Barkana, Rennan",4,30,2018-03-01,2017-07-16,2018-01-23,FALSE,TRUE,TRUE,FALSE,TRUE,FALSE,FALSE,TRUE,FALSE,1,"Natural",2018,3,1,2017,7,16,2018,1,23,191,228,37
"Cellular Neuroscience","10.1038/nature23658","Hippocampal LTP and contextual learning require surface diffusion of AMPA receptors","NATURE",58,"Penn, A. C.; Zhang, C. L.; Georges, F.; Royer, L.; Reillat, C. B.; Hosy, E.; Petersen, J. D.; Humeau, Y.; Choquet, D.",6,33,2017-09-21,2016-01-31,2017-07-21,TRUE,TRUE,TRUE,FALSE,FALSE,FALSE,FALSE,TRUE,FALSE,9,"Natural",2017,9,21,2016,1,31,2017,7,21,537,599,62
"Chemical Physics","10.1038/nature25008","Perovskite nickelates as electric-field sensors in salt water","NATURE",24,"Zhang, Zhen; Schwanz, Derek; Narayanan, Badri; Kotiuga, Michele; Dura, Joseph A.; Cherukara, Mathew; Zhou, Hua; Freeland, John W.; Li, Jiarui; Sutarto, Ronny; He, Feizhou; Wu, Chongzhao; Zhu, Jiaxin; Sun, Yifei; Ramadoss, Koushik; Nonnenmann, Stephen S.; Yu, Nanfang; Comin, Riccardo; Rabe, Karin M.; Sankaranarayanan, Subramanian K. R. S.; Ramanathan, Shriram",4,43,2018-01-04,2017-05-02,2017-10-31,FALSE,FALSE,TRUE,FALSE,TRUE,FALSE,FALSE,TRUE,FALSE,21,"Natural",2018,1,4,2017,5,2,2017,10,31,182,247,65
"Cell Differentiation","10.1126/science.aau0583","H3K9me3-heterochromatin loss at protein-coding genes enables developmental lineage specification","SCIENCE",4,"Nicetto, Dario; Donahue, Greg; Jain, Tanya; Peng, Tao; Sidoli, Simone; Sheng, Lihong; Montavon, Thomas; Becker, Justin S.; Grindheim, Jessica M.; Blahnik, Kimberly; Garcia, Benjamin A.; Tan, Kai; Bonasio, Roberto; Jenuwein, Thomas; Zaret, Kenneth S.",4,47,2019-01-18,2018-05-02,2018-12-20,TRUE,FALSE,TRUE,FALSE,FALSE,FALSE,FALSE,TRUE,FALSE,15,"Natural",2019,1,18,2018,5,2,2018,12,20,232,261,29
"Microbial Ecology","10.1038/nature17193","Lytic to temperate switching of viral communities","NATURE",136,"Knowles, B.; Silveira, C. B.; Bailey, B. A.; Barott, K.; Cantu, V. A.; Cobian-Gueemes, A. G.; Coutinho, F. H.; Dinsdale, E. A.; Felts, B.; Furby, K. A.; George, E. E.; Green, K. T.; Gregoracci, G. B.; Haas, A. F.; Haggerty, J. M.; Hester, E. R.; Hisakawa, N.; Kelly, L. W.; Lim, Y. W.; Little, M.; Luque, A.; McDole-Somera, T.; McNair, K.; de Oliveira, L. S.; Quistad, S. D.; Robinett, N. L.; Sala, E.; Salamon, P.; Sanchez, S. E.; Sandin, S.; Silva, G. G. Z.; Smith, J.; Sullivan, C.; Thompson, C.; Vermeij, M. J. A.; Youle, M.; Young, C.; Zgliczynski, B.; Brainard, R.; Edwards, R. A.; Nulton, J.; Thompson, F.; Rohwer, F.",5,79,2016-03-24,2015-05-19,2016-02-03,TRUE,TRUE,TRUE,FALSE,TRUE,FALSE,FALSE,TRUE,FALSE,43,"Natural",2016,3,24,2015,5,19,2016,2,3,260,310,50
"Organic Chemistry","10.1126/science.aat6205","Tandem catalysis for asymmetric coupling of ethylene and enynes to functionalized cyclobutanes","SCIENCE",13,"Pagar, Vinayak Vishnu; RajanBabu, T. V.",5,44,2018-07-06,2018-03-18,2018-05-15,FALSE,FALSE,TRUE,FALSE,FALSE,FALSE,FALSE,TRUE,FALSE,2,"Natural",2018,7,6,2018,3,18,2018,5,15,58,110,52
"Cryoelectron Microscopy","10.1038/nature24674","Electron cryo-microscopy structure of a human TRPM4 channel","NATURE",59,"Winkler, Paige A.; Huang, Yihe; Sun, Weinan; Du, Juan; Lu, Wei",5,59,2017-12-14,2017-08-04,2017-10-23,FALSE,FALSE,TRUE,FALSE,FALSE,FALSE,FALSE,TRUE,FALSE,5,"Natural",2017,12,14,2017,8,4,2017,10,23,80,132,52
"Organic Chemistry","10.1126/science.aam7355","Decarboxylative borylation","SCIENCE",103,"Li, Chao; Wang, Jie; Barton, Lisa M.; Yu, Shan; Tian, Maoqun; Peters, David S.; Kumar, Manoj; Yu, Antony W.; Johnson, Kristen A.; Chatterjee, Arnab K.; Yan, Ming; Baran, Phil S.",8,69,2017-06-09,2017-01-12,2017-03-03,FALSE,FALSE,TRUE,FALSE,FALSE,FALSE,FALSE,TRUE,FALSE,12,"Natural",2017,6,9,2017,1,12,2017,3,3,50,148,98
"DNA Recombination","10.1038/nature22046","Rad51-mediated double-strand break repair and mismatch correction of divergent substrates","NATURE",28,"Anand, Ranjith; Beach, Annette; Li, Kevin; Haber, James",4,30,2017-04-20,2016-11-01,2017-03-06,TRUE,FALSE,TRUE,FALSE,FALSE,FALSE,FALSE,TRUE,FALSE,4,"Natural",2017,4,20,2016,11,1,2017,3,6,125,170,45
"Early Solar System","10.1038/nature25150","A rapid decrease in the rotation rate of comet 41P/Tuttle-Giacobini-Kresak","NATURE",16,"Bodewits, Dennis; Farnham, Tony L.; Kelley, Michael S. P.; Knight, Matthew M.",3,37,2018-01-11,2017-06-22,2017-11-11,TRUE,TRUE,TRUE,FALSE,TRUE,FALSE,FALSE,TRUE,FALSE,4,"Natural",2018,1,11,2017,6,22,2017,11,11,142,203,61
"Immunology","10.1126/science.aao5154","Crystal structure of a TAPBPR-MHC I complex reveals the mechanism of peptide editing in antigen presentation","SCIENCE",36,"Jiang, Jiansheng; Natarajan, Kannan; Boyd, Lisa F.; Morozov, Giora I.; Mage, Michael G.; Margulies, David H.",5,42,2017-11-24,2017-07-28,2017-10-04,TRUE,FALSE,TRUE,FALSE,FALSE,FALSE,FALSE,TRUE,FALSE,6,"Natural",2017,11,24,2017,7,28,2017,10,4,68,119,51
"Liquid Crystals","10.1126/science.aap9359","Hybrid molecular-colloidal liquid crystals","SCIENCE",10,"Mundoor, Haridas; Park, Sungoh; Senyuk, Bohdan; Wensink, Henricus H.; Smalyukh, Ivan I.",4,34,2018-05-18,2017-09-12,2018-04-13,TRUE,TRUE,TRUE,FALSE,TRUE,FALSE,FALSE,TRUE,FALSE,5,"Natural",2018,5,18,2017,9,12,2018,4,13,213,248,35
"Molecular Biology","10.1126/science.aaq0921","Dicer uses distinct modules for recognizing dsRNA termini","SCIENCE",9,"Sinha, Niladri K.; Iwasa, Janet; Shen, Peter S.; Bass, Brenda L.",6,66,2018-01-19,2017-09-29,2018-12-11,TRUE,FALSE,TRUE,FALSE,FALSE,FALSE,FALSE,TRUE,FALSE,4,"Natural",2018,1,19,2017,9,29,2018,12,11,438,112,-326
"Cell Biology","10.1126/science.aat5671","A liquid phase of synapsin and lipid vesicles","SCIENCE",31,"Milovanovic, Dragomir; Wu, Yumei; Bian, Xin; De Camilli, Pietro",3,38,2018-08-10,2018-03-13,2018-06-25,TRUE,FALSE,TRUE,FALSE,FALSE,FALSE,FALSE,TRUE,FALSE,4,"Natural",2018,8,10,2018,3,13,2018,6,25,104,150,46
